word,name,length,tier,category,cost,damage,desc,icon
검,검 (무기/참격),1글자,1티어 (기본),weapon,1,10,적에게 10의 강력한 물리 베기 피해를 입힙니다.,res://assets/01_무기_공격/sword_검/sword_1_32px_pastel.png
봉,봉 (무기/주문),1글자,1티어 (기본),weapon,1,6,"적에게 6 피해를 입히고, 다음 마법 단어의 위력을 +4 증가시킵니다.",res://assets/01_무기_공격/staff_봉/staff_1_32px.png
공,공 (타격/충격),1글자,1티어 (기본),weapon,1,9,적을 정면 강타하여 9의 묵직한 물리 피해를 입힙니다.,res://assets/01_무기_공격/fist_공/fist_1_32px_pastel.png
목,목 (급소/암살),1글자,1티어 (기본),weapon,1,8,"적의 목을 베어 8 피해를 입히며, 체력 50% 이하인 적에게는 16 피해를 입힙니다.",res://assets/01_무기_공격/axe_목/axe_1_32px_pastel.png
골,골 (타격/기절),1글자,1티어 (기본),weapon,1,8,적의 머리를 강타하여 8 피해를 입히고 1턴간 기절(스턴)시킵니다.,res://assets/01_무기_공격/mace_골/mace_1_32px_pastel.png
쇠,쇠 (금속/강타),1글자,1티어 (기본),basic,1,11,쇳덩이를 내리쳐 11 피해를 입히고 적 방어도를 4 깎아냅니다.,res://assets/01_무기_공격/iron_쇠/iron_1_32px_pastel.png
못,못 (도구/출혈),1글자,1티어 (기본),basic,1,6,날카로운 대못을 박아 6 피해를 입히고 3턴간 출혈(매 턴 3 피해)을 부여합니다.,res://assets/01_무기_공격/spike_못/spike_1_32px_pastel.png
날,날 (칼날/절단),1글자,1티어 (기본),basic,1,8,예리한 날로 베어 8 피해를 입히고 1턴간 취약(받는 피해 30% 증가)을 부여합니다.,res://assets/01_무기_공격/blade_날/blade_1_32px_pastel.png
삭,삭 (바람/삭풍),1글자,1티어 (기본),basic,1,8,매서운 삭풍을 휘둘러 8 피해를 입히고 적의 모든 실드를 제거합니다.,res://assets/01_무기_공격/wind_slash_삭/wind_slash_1_32px_pastel.png
일,일 (신성/일격),1글자,1티어 (기본),basic,1,15,혼신의 일격을 날려 15의 치명적인 단일 물리 피해를 입힙니다.,res://assets/01_무기_공격/strike_일/strike_1_32px_pastel.png
십,십 (신성/십자),1글자,1티어 (기본),basic,1,6,십자 형태로 베어 6 피해를 2회(총 12 피해) 연속 공격합니다.,res://assets/01_무기_공격/cross_sword_십/cross_sword_1_32px_pastel.png
박,박 (신체/박치기),1글자,1티어 (기본),basic,1,9,단단한 박치기로 9 피해를 입히고 적을 1턴간 기절시킵니다. (자신 2 반동 피해),res://assets/01_무기_공격/ram_박/ram_1_32px_pastel.png
발,발 (사격/발포),1글자,1티어 (기본),weapon,1,10,탄환을 발사하여 10의 원거리 물리 관통 피해를 입힙니다.,res://assets/01_무기_공격/shot_발/shot_1_32px_pastel.png
괴,괴 (변이/폭주),1글자,1티어 (기본),basic,1,16,괴력을 발휘하여 자신의 HP 3을 소모하고 적에게 16의 폭발적 피해를 입힙니다.,res://assets/01_무기_공격/monster_arm_괴/monster_arm_1_32px_pastel.png
시,시 (암기/신속),1글자,1티어 (기본),basic,0,5,날카로운 시위를 튕겨 0 AP로 5의 신속 찌르기 피해를 입힙니다.,res://assets/01_무기_공격/arrow_시/arrow_1_32px_pastel.png
구,구 (마법/구체),1글자,1티어 (기본),element,1,8,마력 구체를 투척하여 8 마법 피해를 입히고 1턴간 적의 마법 저항을 30% 깎습니다.,res://assets/01_무기_공격/orb_구/orb_1_32px_pastel.png
상,상 (상흔/추뎀),1글자,1티어 (기본),basic,1,8,"깊은 상흔을 내어 8 피해를 입히며, 대상이 상태이상일 경우 2배(16) 피해를 입힙니다.",res://assets/01_무기_공격/wound_상/wound_1_32px_pastel.png
압,압 (제압/압박),1글자,1티어 (기본),basic,1,8,적을 강하게 억눌러 8 피해를 입히고 1턴간 적의 공격력을 3 감소시킵니다.,res://assets/01_무기_공격/press_압/press_1_32px_pastel.png
불,불 (원소/화염),1글자,1티어 (기본),element,1,7,적에게 7 화염 피해를 입히고 3턴간 화상(매 턴 4 피해)을 부여합니다.,res://assets/03_원소_마법/fire_불/fire_1_32px_pastel.png
물,물 (원소/수류),1글자,1티어 (기본),element,1,6,"적에게 6 피해를 입히고, 6 방어도를 얻으며 자신의 모든 디버프를 정화합니다.",res://assets/03_원소_마법/water_물/water_1_32px.png
빙,빙 (원소/빙결),1글자,1티어 (기본),element,1,7,적을 얼려 7 냉기 피해를 입히고 1턴간 적의 공격력을 4 감소시킵니다.,res://assets/03_원소_마법/ice_빙/ice_1_32px_pastel.png
광,광 (원소/섬광),1글자,1티어 (기본),element,1,8,눈부신 섬광을 터뜨려 8 피해를 입히고 적의 이번 턴 공격 의도를 취소시킵니다.,res://assets/03_원소_마법/flash_광/flash_1_32px_pastel.png
노,노 (원소/노을),1글자,1티어 (기본),element,1,8,타오르는 노을빛으로 8 광역 피해를 입히고 2턴간 화상(매 턴 3)을 부여합니다.,res://assets/03_원소_마법/ember_노/ember_1_32px_pastel.png
암,암 (원소/암흑),1글자,1티어 (기본),element,1,9,어둠의 파동을 뿜어 9 암흑 피해를 입히고 적 공격력을 2 영구 흡수합니다.,res://assets/03_원소_마법/darkness_암/darkness_1_32px_pastel.png
우,우 (원소/뇌우),1글자,1티어 (기본),element,1,11,천둥과 폭우를 소환하여 11 뇌전 피해를 입히고 1턴간 적을 실명시킵니다.,res://assets/03_원소_마법/thunder_rain_우/thunder_rain_1_32px_pastel.png
와,와 (원소/와류),1글자,1티어 (기본),element,1,8,소용돌이를 일으켜 8 수류 피해를 입히고 적의 방어도를 절반으로 깎습니다.,res://assets/03_원소_마법/whirlpool_water_와/whirlpool_water_1_32px_pastel.png
얼,얼 (원소/빙하),1글자,1티어 (기본),element,1,8,빙하 파편을 꽂아 8 냉기 피해를 입히고 1턴간 적의 공격력을 4 깎습니다.,res://assets/03_원소_마법/freeze_얼/freeze_1_32px_pastel.png
업,업 (원소/업화),1글자,1티어 (기본),element,1,10,"인과의 불꽃으로 10 피해를 입히고, 적이 공격할 때마다 4 화염 반사 피해를 줍니다.",res://assets/03_원소_마법/karma_ember_업/karma_ember_1_32px_pastel.png
음,음 (음파/충격),1글자,1티어 (기본),basic,1,6,강력한 진동 음파로 6 관통 피해를 입히고 적의 마법 시전을 차단합니다.,res://assets/03_원소_마법/soundwave_음/soundwave_1_32px_pastel.png
석,석 (자연/투석),1글자,1티어 (기본),basic,1,9,단단한 암석을 투척하여 9 물리 피해를 입히고 적 방어도를 5 파괴합니다.,res://assets/03_원소_마법/rock_stone_석/rock_stone_1_32px_pastel.png
선,선 (자연/돌풍),1글자,1티어 (기본),basic,1,7,돌풍을 소환하여 7 피해를 입히고 날아오는 적 투사체를 튕겨냅니다 (방어도 6).,res://assets/03_원소_마법/wind_mist_선/wind_mist_1_32px_pastel.png
수,수 (원소/격류),1글자,1티어 (기본),element,1,8,수류를 방출하여 적에게 8 피해를 입히고 아군에게 6 방어도를 부여합니다.,res://assets/03_원소_마법/water_flow_수/water_flow_1_32px_pastel.png
뇌,뇌 (원소/뇌전),1글자,1티어 (기본),element,1,14,천둥 번개를 소환하여 적에게 14의 폭발적인 뇌전 피해를 입힙니다.,res://assets/03_원소_마법/lightning_bolt_뇌/lightning_bolt_1_32px_pastel.png
곰,곰 (생물/도발),1글자,1티어 (기본),summon,1,6,거대한 곰을 소환하여 6 피해를 입히고 8 실드 및 1턴간 도발(피해 흡수)을 겁니다.,res://assets/04_생물_소환/bear_곰/bear_1_32px_pastel.png
뱀,뱀 (생물/맹독),1글자,1티어 (기본),summon,1,4,초록 독사를 소환해 4 피해를 입히고 4의 맹독(지속 피해)을 주입합니다.,res://assets/04_생물_소환/snake_뱀/snake_1_32px_pastel.png
말,말 (생물/질주),1글자,1티어 (기본),summon,1,8,야생마가 돌진하여 적에게 8 피해를 입히고 이번 턴 즉시 추가 1회 행동을 얻습니다.,res://assets/04_생물_소환/horse_말/horse_1_32px_pastel.png
소,소 (생물/돌파),1글자,1티어 (기본),summon,1,11,황소가 들이받아 11 피해를 입히고 적의 모든 방어도를 완전히 파괴합니다.,res://assets/04_생물_소환/bull_소/bull_1_32px_pastel.png
개,개 (생물/충견),1글자,1티어 (기본),summon,1,5,충견을 소환하여 적에게 5 피해를 입히고 피해를 대신 흡수하는 6 실드를 얻습니다.,res://assets/04_생물_소환/dog_wolf_개/dog_wolf_1_32px_pastel.png
벌,벌 (생물/독침),1글자,1티어 (기본),summon,1,2,말벌 떼를 풀어 2 피해를 2회(총 4 피해) 입히고 맹독 3스택을 겁니다.,res://assets/04_생물_소환/wasp_bee_벌/wasp_bee_1_32px_pastel.png
범,범 (생물/호랑이),1글자,1티어 (기본),summon,1,13,호랑이의 포효로 적 전체에 13 피해를 입히고 1턴간 공포(피해량 -50%)를 겁니다.,res://assets/04_생물_소환/tiger_범/tiger_1_32px_pastel.png
매,매 (생물/저격),1글자,1티어 (기본),summon,1,9,매가 급강하하여 적의 방어도를 완전히 무시하는 9 관통 피해를 입힙니다.,res://assets/04_생물_소환/hawk_eagle_매/hawk_eagle_1_32px_pastel.png
낭,낭 (생물/늑대),1글자,1티어 (기본),summon,1,7,늑대 무리를 불러 7 피해를 입히고 적의 방어도를 4 깎아냅니다.,res://assets/04_생물_소환/wolf_낭/wolf_1_32px_pastel.png
솔,솔 (자연/솔방울),1글자,1티어 (기본),basic,1,10,솔방울 폭탄을 던져 10의 범위 폭발 피해를 입힙니다.,res://assets/04_생물_소환/pinecone_솔/pinecone_1_32px_pastel.png
입,입 (신체/흡혈),1글자,1티어 (기본),basic,1,4,적에게 4 피해를 입히고 입힌 피해만큼 체력을 그대로 흡수(흡혈)합니다.,res://assets/06_회복_치유/mouth_blood_입/mouth_blood_1_32px_pastel.png
월,월 (신비/월광),1글자,1티어 (기본),basic,1,9,초승달 검기로 9 암흑 피해를 입히고 체력 4를 흡혈합니다.,res://assets/06_회복_치유/moon_light_월/moon_light_1_32px_pastel.png
세,세 (기세/압도),1글자,1티어 (기본),basic,1,8,도도한 기세로 8 피해를 입히고 다음 내 카드의 공격력을 +4 증가시킵니다.,res://assets/07_버프_유틸/power_surge_세/power_surge_1_32px_pastel.png
불꽃,불꽃 (원소/폭발),2글자,2티어 (상위),element,2,24,[2글자 상위 타워] 24의 강력한 광역 화염 폭발을 일으키고 적들을 불태웁니다.,res://assets/03_원소_마법/fire_불/fire_1_32px_pastel.png
얼음,얼음 (원소/빙결),2글자,2티어 (상위),element,2,18,[2글자 상위 타워] 18의 냉기 피해를 주고 적의 이동속도를 75% 둔화시킵니다.,res://assets/03_원소_마법/ice_빙/ice_1_32px_pastel.png
화살,화살 (무기/원거리),2글자,2티어 (상위),weapon,2,22,[2글자 상위 타워] 초장거리(220px)에서 22의 관통 화살을 빠르게 사격합니다.,res://assets/01_무기_공격/arrow_시/arrow_1_32px_pastel.png
검술,검술 (무기/연타),2글자,2티어 (상위),weapon,2,26,[2글자 상위 타워] 26의 예리한 검기로 적을 빠르게 2회 연속 베어 넘깁니다.,res://assets/01_무기_공격/sword_검/sword_1_32px_pastel.png
방패,방패 (방어/버프),2글자,2티어 (상위),defense,2,12,[2글자 상위 타워] 방어 결계를 펼쳐 주변 모든 아군 타워의 공격속도를 +30% 증폭시킵니다.,res://assets/02_방어_보호/shield_방/shield_1_32px_pastel.png
성벽,성벽 (방어/요새),2글자,2티어 (상위),defense,2,16,[2글자 상위 타워] 사거리 내 진입한 적들의 이동속도를 50% 영구 감속시킵니다.,res://assets/02_방어_보호/wall_성/wall_1_32px_pastel.png
벼락,벼락 (원소/감전),2글자,2티어 (상위),element,2,30,[2글자 상위 타워] 30의 강력한 뇌전을 떨어뜨려 최대 3체의 적에게 연쇄 감전 피해를 입힙니다.,res://assets/03_원소_마법/lightning_뇌/lightning_1_32px_pastel.png
폭풍,폭풍 (원소/소용돌이),2글자,2티어 (상위),element,2,20,[2글자 상위 타워] 거대한 소용돌이를 소환하여 범위 내 적들을 지속적으로 갈아냅니다.,res://assets/03_원소_마법/wind_풍/wind_1_32px_pastel.png
바람,바람 (원소/돌풍),2글자,2티어 (상위),element,2,16,[2글자 상위 타워] 강한 돌풍을 날려 적을 뒤로 넉백시킵니다.,res://assets/03_원소_마법/wind_풍/wind_1_32px_pastel.png
치유,치유 (회복/성역),2글자,2티어 (상위),heal,2,10,[2글자 상위 타워] 매 웨이브 클리어 시 플레이어 기지 체력을 +2 추가 회복합니다.,res://assets/06_회복_치유/life_sprout_생/life_sprout_1_32px_pastel.png
생명,생명 (회복/축복),2글자,2티어 (상위),heal,2,14,[2글자 상위 타워] 기지의 최대 체력을 +5 영구 증가시킵니다.,res://assets/06_회복_치유/life_sprout_생/life_sprout_1_32px_pastel.png
맹독,맹독 (원소/부식),2글자,2티어 (상위),element,2,16,[2글자 상위 타워] 적에게 초당 8의 치명적인 맹독 부식 피해를 부여합니다.,res://assets/03_원소_마법/dark_orb_암/dark_orb_1_32px_pastel.png
호랑,호랑 (생물/맹수),2글자,2티어 (상위),summon,2,28,[2글자 상위 타워] 28의 맹수 타격으로 적의 방어도를 무시하고 물어뜯습니다.,res://assets/04_생물_소환/bear_곰/bear_1_32px_pastel.png
마법,마법 (마법/비전),2글자,2티어 (상위),element,2,25,[2글자 상위 타워] 일직선상의 적을 모두 꿰뚫는 관통 비전 탄환을 발사합니다.,res://assets/03_원소_마법/light_holy_광/light_holy_1_32px_pastel.png
보물,보물 (유틸/황금),2글자,2티어 (상위),skill,2,12,[2글자 상위 타워] 이 타워가 적을 처치하면 2배의 골드를 획득합니다.,res://assets/07_버프_유틸/gold_coin_금/gold_coin_1_32px_pastel.png
강철,강철 (방어/단련),2글자,2티어 (상위),defense,2,20,[2글자 상위 타워] 단단한 강철 파편을 투척하여 적을 분쇄합니다.,res://assets/01_무기_공격/sword_검/sword_1_32px_pastel.png
화염,화염 (원소/업화),2글자,2티어 (상위),element,2,27,[2글자 상위 타워] 전방 부채꼴 범위에 27 피해의 지속 화염 방사를 뿜어냅니다.,res://assets/03_원소_마법/fire_불/fire_1_32px_pastel.png
호랑이,호랑이 (생물/신수),3글자,3티어 (신화),summon,3,50,[3글자 신화 타워] 50의 압도적인 맹수 포효로 적들을 공포에 질리게 하고 전방을 도륙합니다.,res://assets/04_생물_소환/bear_곰/bear_1_32px_pastel.png
불벼락,불벼락 (원소/천벌),3글자,3티어 (신화),element,3,60,[3글자 신화 타워] 60의 화염 낙뢰 폭격으로 화면 내 다수의 적을 일격에 궤멸시킵니다.,res://assets/03_원소_마법/fire_불/fire_1_32px_pastel.png
폭풍우,폭풍우 (원소/재앙),3글자,3티어 (신화),element,3,45,[3글자 신화 타워] 거대한 비바람 태풍을 일으켜 적 전체를 80% 슬로우 상태로 묶어둡니다.,res://assets/03_원소_마법/wind_풍/wind_1_32px_pastel.png
얼음검,얼음검 (무기/동결),3글자,3티어 (신화),weapon,3,42,[3글자 신화 타워] 42의 절대영도 검기로 적을 베는 즉시 2초간 완전히 얼려 멈춥니다.,res://assets/01_무기_공격/sword_검/sword_1_32px_pastel.png
독화살,독화살 (무기/맹독),3글자,3티어 (신화),weapon,3,38,[3글자 신화 타워] 38 피해와 함께 초당 15의 치사량 맹독을 주입하는 화살을 난사합니다.,res://assets/01_무기_공격/arrow_시/arrow_1_32px_pastel.png
대검술,대검술 (무기/오의),3글자,3티어 (신화),weapon,3,55,[3글자 신화 타워] 55의 초대형 참격 검기를 날려 경로 위의 모든 적을 일도양단합니다.,res://assets/01_무기_공격/sword_검/sword_1_32px_pastel.png
용의숨,용의숨 (원소/신화),3글자,3티어 (신화),element,3,70,[3글자 신화 타워] 70의 신화급 드래곤 브레스를 뿜어 전방의 모든 적을 잿더미로 만듭니다.,res://assets/04_생물_소환/dragon_용/dragon_1_32px_pastel.png
생명수,생명수 (회복/기적),3글자,3티어 (신화),heal,3,25,"[3글자 신화 타워] 기지 체력을 즉시 +5 회복하고, 전 필드 아군 타워 공속을 +50% 버프합니다.",res://assets/06_회복_치유/life_sprout_생/life_sprout_1_32px_pastel.png
철옹성,철옹성 (방어/무적),3글자,3티어 (신화),defense,3,30,[3글자 신화 타워] 절대적인 방어 요새를 구축하여 기지에 가해지는 피해를 대폭 흡수합니다.,res://assets/02_방어_보호/wall_성/wall_1_32px_pastel.png
