No,단어 (한글),표기명,카테고리 그룹,카테고리 코드,AP 비용,주요 수치/능력,특수 효과 설명,사운드 효과,태그,로컬 에셋 경로,에테르AI CDN URL
1,검,검 (무기/참격),⚔️ 무기/공격 (18종),weapon,1,피해 10,적에게 10의 강력한 물리 베기 피해를 입힙니다.,playAttack,,./assets/01_무기_공격/sword_검/sword_1_32px_pastel.png,https://cdn.aetherforgeai.com/assets/c502bdb3-f293-4148-94d9-d346d3f5ba8a.png
2,봉,봉 (무기/주문),⚔️ 무기/공격 (18종),weapon,1,피해 6,"적에게 6 피해를 입히고, 다음 마법 단어의 위력을 +4 증가시킵니다.",playAttack,,./assets/01_무기_공격/staff_봉/staff_1_32px.png,https://cdn.aetherforgeai.com/assets/a63da88b-8f20-415d-ab18-fa0aa0b0dd00.png
3,공,공 (타격/충격),⚔️ 무기/공격 (18종),weapon,1,피해 9,적을 정면 강타하여 9의 묵직한 물리 피해를 입힙니다.,playAttack,,./assets/01_무기_공격/fist_공/fist_1_32px_pastel.png,https://cdn.aetherforgeai.com/assets/567577df-9cc6-4028-a4b1-62e5f4fbaef1.png
4,목,목 (급소/암살),⚔️ 무기/공격 (18종),weapon,1,피해 8,"적의 목을 베어 8 피해를 입히며, 체력 50% 이하인 적에게는 16 피해를 입힙니다.",playAttack,,./assets/01_무기_공격/axe_목/axe_1_32px_pastel.png,https://cdn.aetherforgeai.com/assets/f2f389ff-034b-4273-a33e-0fd585ece7cf.png
5,골,골 (타격/기절),⚔️ 무기/공격 (18종),weapon,1,피해 8,적의 머리를 강타하여 8 피해를 입히고 1턴간 기절(스턴)시킵니다.,playAttack,,./assets/01_무기_공격/mace_골/mace_1_32px_pastel.png,https://cdn.aetherforgeai.com/assets/2bf8a720-6a81-4b5d-97c7-5ee7ffac278a.png
6,쇠,쇠 (금속/강타),⚔️ 무기/공격 (18종),weapon,1,피해 11,쇳덩이를 내리쳐 11 피해를 입히고 적 방어도를 4 깎아냅니다.,playAttack,,./assets/01_무기_공격/iron_쇠/iron_1_32px_pastel.png,https://cdn.aetherforgeai.com/assets/6262fa95-8c08-4b3f-a71b-25d1936ab760.png
7,못,못 (도구/출혈),⚔️ 무기/공격 (18종),weapon,1,"피해 6, 출혈 3",날카로운 대못을 박아 6 피해를 입히고 3턴간 출혈(매 턴 3 피해)을 부여합니다.,playAttack,,./assets/01_무기_공격/spike_못/spike_1_32px_pastel.png,https://cdn.aetherforgeai.com/assets/8065d354-fbd1-4032-8051-721a8e0949df.png
8,날,날 (칼날/절단),⚔️ 무기/공격 (18종),weapon,1,피해 8,예리한 날로 베어 8 피해를 입히고 1턴간 취약(받는 피해 30% 증가)을 부여합니다.,playAttack,,./assets/01_무기_공격/blade_날/blade_1_32px_pastel.png,https://cdn.aetherforgeai.com/assets/c502bdb3-f293-4148-94d9-d346d3f5ba8a.png
9,삭,삭 (바람/삭풍),⚔️ 무기/공격 (18종),weapon,1,피해 8,매서운 삭풍을 휘둘러 8 피해를 입히고 적의 모든 실드를 제거합니다.,playAttack,,./assets/01_무기_공격/wind_slash_삭/wind_slash_1_32px_pastel.png,https://cdn.aetherforgeai.com/assets/e21dd913-7df2-436c-ac23-fa9133f45ddf.png
10,일,일 (신성/일격),⚔️ 무기/공격 (18종),weapon,1,피해 15,혼신의 일격을 날려 15의 치명적인 단일 물리 피해를 입힙니다.,playAttack,,./assets/01_무기_공격/strike_일/strike_1_32px_pastel.png,https://cdn.aetherforgeai.com/assets/23bbafe1-493a-4bde-a7a9-a9f8f64227b2.png
11,십,십 (신성/십자),⚔️ 무기/공격 (18종),weapon,1,피해 6,십자 형태로 베어 6 피해를 2회(총 12 피해) 연속 공격합니다.,playAttack,,./assets/01_무기_공격/cross_sword_십/cross_sword_1_32px_pastel.png,https://cdn.aetherforgeai.com/assets/9a522a73-d6c5-4df5-871f-bd6a44b7ffa8.png
12,박,박 (신체/박치기),⚔️ 무기/공격 (18종),weapon,1,피해 9,단단한 박치기로 9 피해를 입히고 적을 1턴간 기절시킵니다. (자신 2 반동 피해),playAttack,,./assets/01_무기_공격/ram_박/ram_1_32px_pastel.png,https://cdn.aetherforgeai.com/assets/c8fbea8d-ac52-4812-a99c-00005240e661.png
13,발,발 (사격/발포),⚔️ 무기/공격 (18종),weapon,1,피해 10,탄환을 발사하여 10의 원거리 물리 관통 피해를 입힙니다.,playAttack,,./assets/01_무기_공격/shot_발/shot_1_32px_pastel.png,https://cdn.aetherforgeai.com/assets/f5da9803-6602-448e-be79-0b4c0a601825.png
14,괴,괴 (변이/폭주),⚔️ 무기/공격 (18종),weapon,1,피해 16,괴력을 발휘하여 자신의 HP 3을 소모하고 적에게 16의 폭발적 피해를 입힙니다.,playAttack,,./assets/01_무기_공격/monster_arm_괴/monster_arm_1_32px_pastel.png,https://cdn.aetherforgeai.com/assets/89e7dabe-cb9a-4ff7-b9eb-ffafe11ded22.png
15,시,시 (암기/신속),⚔️ 무기/공격 (18종),weapon,0,피해 5,날카로운 시위를 튕겨 0 AP로 5의 신속 찌르기 피해를 입힙니다.,playAttack,,./assets/01_무기_공격/arrow_시/arrow_1_32px_pastel.png,https://cdn.aetherforgeai.com/assets/805cf3d9-c6b1-4662-86a2-ad1f4c10cb6e.png
16,구,구 (마법/구체),⚔️ 무기/공격 (18종),weapon,1,피해 8,마력 구체를 투척하여 8 마법 피해를 입히고 1턴간 적의 마법 저항을 30% 깎습니다.,playMagic,,./assets/01_무기_공격/orb_구/orb_1_32px_pastel.png,https://cdn.aetherforgeai.com/assets/332002a2-40b6-4870-a20f-4a98d0231951.png
17,상,상 (상흔/추뎀),⚔️ 무기/공격 (18종),weapon,1,피해 8,"깊은 상흔을 내어 8 피해를 입히며, 대상이 상태이상일 경우 2배(16) 피해를 입힙니다.",playAttack,,./assets/01_무기_공격/wound_상/wound_1_32px_pastel.png,https://cdn.aetherforgeai.com/assets/d975f9c3-c659-475b-8eeb-58a1c4cea483.png
18,압,압 (제압/압박),⚔️ 무기/공격 (18종),weapon,1,피해 8,적을 강하게 억눌러 8 피해를 입히고 1턴간 적의 공격력을 3 감소시킵니다.,playAttack,,./assets/01_무기_공격/press_압/press_1_32px_pastel.png,https://cdn.aetherforgeai.com/assets/ce9f1d02-82d9-409a-a850-5f7b7d37f522.png
19,방,방 (방어/방패),🛡️ 방어/결계 (18종),defense,1,방어도 10,10의 방어도를 즉시 획득합니다.,playShield,,./assets/02_방어_장비/shield_방/shield_1_32px_pastel.png,https://cdn.aetherforgeai.com/assets/062c7efe-dcc8-4e33-acd6-b23a47f643c6.png
20,갑,갑 (방어/철갑),🛡️ 방어/결계 (18종),defense,1,방어도 14,14의 단단한 철갑 방어도를 획득합니다.,playShield,,./assets/02_방어_장비/armor_갑/armor_1_32px_pastel.png,https://cdn.aetherforgeai.com/assets/f5fbf2bb-4def-4172-b6e1-bdbece0604f3.png
21,문,문 (구조/무적),🛡️ 방어/결계 (18종),defense,1,-,견고한 대문을 닫아 다음 1회 동안 적의 모든 피해를 무효화(1회 무적)합니다.,playAttack,,./assets/05_구조_필드/door_문/door_1_32px_pastel.png,https://cdn.aetherforgeai.com/assets/60609590-94b9-479b-a724-2ef7ef2885f3.png
22,성,성 (구조/성벽),🛡️ 방어/결계 (18종),defense,1,방어도 12,"12의 방어도를 얻으며, 남은 방어도가 다음 턴으로 100% 이월됩니다.",playAttack,,./assets/05_구조_필드/castle_성/castle_1_32px_pastel.png,https://cdn.aetherforgeai.com/assets/87291084-1230-4cf6-a064-4d3d8a105b23.png
23,산,산 (자연/태산),🛡️ 방어/결계 (18종),defense,1,방어도 15,태산 같은 굳건함으로 15의 거대한 방어도를 획득합니다.,playShield,,./assets/02_방어_장비/mountain_산/mountain_1_32px_pastel.png,https://cdn.aetherforgeai.com/assets/60609590-94b9-479b-a724-2ef7ef2885f3.png
24,막,막 (결계/장막),🛡️ 방어/결계 (18종),defense,1,방어도 11,보호 장막을 형성하여 11의 방어도를 즉시 얻습니다.,playShield,,./assets/02_방어_장비/barrier_막/barrier_1_32px_pastel.png,https://cdn.aetherforgeai.com/assets/062c7efe-dcc8-4e33-acd6-b23a47f643c6.png
25,완,완 (방어/완벽),🛡️ 방어/결계 (18종),defense,1,방어도 13,완벽한 가드를 올려 13의 방어도를 얻습니다.,playShield,,./assets/02_방어_장비/perfect_shield_완/perfect_shield_1_32px_pastel.png,https://cdn.aetherforgeai.com/assets/062c7efe-dcc8-4e33-acd6-b23a47f643c6.png
26,궁,궁 (구조/궁전),🛡️ 방어/결계 (18종),defense,1,방어도 13,궁전 결계를 쳐 13 방어도를 얻고 2턴 동안 방어도가 파괴되지 않습니다.,playAttack,,./assets/02_방어_장비/palace_궁/palace_1_32px_pastel.png,https://cdn.aetherforgeai.com/assets/b0f42e38-bcbd-45cb-ab0b-9a76f631a11d.png
27,인,인 (정신/인내),🛡️ 방어/결계 (18종),defense,1,방어도 12,강철 같은 인내로 12 방어도를 얻고 1턴간 모든 상태이상에 면역이 됩니다.,playShield,,./assets/02_방어_장비/medal_patience_인/medal_patience_1_32px_pastel.png,https://cdn.aetherforgeai.com/assets/5954db97-6435-4f7e-8773-be8fd16176a2.png
28,보,보 (구조/보루),🛡️ 방어/결계 (18종),defense,1,방어도 14,최후의 보루를 세워 14 방어도를 얻고 다음 턴 AP 1을 보존합니다.,playAttack,,./assets/02_방어_장비/fortress_보/fortress_1_32px_pastel.png,https://cdn.aetherforgeai.com/assets/6c80ad9a-7c86-44d6-99e3-3f9d814b674d.png
29,언,언 (결계/언약),🛡️ 방어/결계 (18종),defense,1,방어도 10,불변의 언약을 맺어 10 방어도를 얻고 이번 턴 받는 모든 피해를 30% 경감합니다.,playShield,,./assets/02_방어_장비/vow_seal_언/vow_seal_1_32px_pastel.png,https://cdn.aetherforgeai.com/assets/c25613a5-99a5-4a4b-b505-72069e9d680f.png
30,위,위 (결계/위성),🛡️ 방어/결계 (18종),defense,1,방어도 10,회전하는 위성 방어막으로 10 방어도 및 2턴간 턴마다 3 실드를 자동 생성합니다.,playShield,,./assets/02_방어_장비/orbit_shield_위/orbit_shield_1_32px_pastel.png,https://cdn.aetherforgeai.com/assets/208182cc-3853-4fe9-a71c-a8f5380c01c9.png
31,누,누 (구조/누각),🛡️ 방어/결계 (18종),defense,1,방어도 10,높은 누각을 세워 10 방어도를 얻고 다음 턴 시작 시 5 방어도를 추가로 얻습니다.,playAttack,,./assets/02_방어_장비/tower_누/tower_1_32px_pastel.png,https://cdn.aetherforgeai.com/assets/4bbe3379-5d42-4182-bd5a-98a1e2f15c84.png
32,굴,굴 (자연/은신),🛡️ 방어/결계 (18종),defense,1,방어도 8,동굴 속으로 피신하여 8 방어도를 얻고 적의 단일 공격을 1회 패링(무효화)합니다.,playAttack,,./assets/05_구조_필드/cave_굴/cave_1_32px_pastel.png,https://cdn.aetherforgeai.com/assets/dee35726-dc05-4bdf-b772-1a9d07a61e55.png
33,반,반 (전술/반격),🛡️ 방어/결계 (18종),defense,1,방어도 6,"6 방어도를 얻고, 이번 턴 피격받을 때마다 공격자에게 5 반격 피해를 입힙니다.",playAttack,,./assets/02_방어_장비/counter_shield_반/counter_shield_1_32px_pastel.png,https://cdn.aetherforgeai.com/assets/062c7efe-dcc8-4e33-acd6-b23a47f643c6.png
34,울,울 (구조/울타리),🛡️ 방어/결계 (18종),defense,1,"방어도 8, 가시 4",가시 울타리를 둘러 8 방어도를 얻고 가시 4(피격 시 4 반사 피해)를 얻습니다.,playAttack,,./assets/02_방어_장비/fence_울/fence_1_32px_pastel.png,https://cdn.aetherforgeai.com/assets/87291084-1230-4cf6-a064-4d3d8a105b23.png
35,솜,솜 (완충/흡수),🛡️ 방어/결계 (18종),defense,1,방어도 8,푹신한 솜 방어막으로 8 방어도를 얻고 이번 턴 물리 피해를 50% 흡수합니다.,playAttack,,./assets/02_방어_장비/cotton_솜/cotton_1_32px_pastel.png,https://cdn.aetherforgeai.com/assets/9b3621fd-78c7-4869-832e-75d997b620bb.png
36,옷,옷 (장비/의복),🛡️ 방어/결계 (18종),defense,1,방어도 8,마법 의복을 둘러 8 방어도를 얻고 2턴간 모든 마법 피해를 30% 경감합니다.,playAttack,,./assets/02_방어_장비/cloth_옷/cloth_1_32px_pastel.png,https://cdn.aetherforgeai.com/assets/f0124162-fe36-4a6d-81e9-b95988350c9c.png
37,불,불 (원소/화염),🔮 원소/마법 (17종),element,1,"피해 7, 화상 4",적에게 7 화염 피해를 입히고 3턴간 화상(매 턴 4 피해)을 부여합니다.,playMagic,,./assets/03_원소_마법/fire_불/fire_1_32px_pastel.png,https://cdn.aetherforgeai.com/assets/3c0e0736-98df-4b4b-87f3-46a47d39dad7.png
38,물,물 (원소/수류),🔮 원소/마법 (17종),element,1,"피해 6, 방어도 6","적에게 6 피해를 입히고, 6 방어도를 얻으며 자신의 모든 디버프를 정화합니다.",playMagic,,./assets/03_원소_마법/water_물/water_1_32px.png,https://cdn.aetherforgeai.com/assets/ec774d88-4224-4f9b-b3f6-0150a177fd05.png
39,빙,빙 (원소/빙결),🔮 원소/마법 (17종),element,1,피해 7,적을 얼려 7 냉기 피해를 입히고 1턴간 적의 공격력을 4 감소시킵니다.,playMagic,,./assets/03_원소_마법/ice_빙/ice_1_32px_pastel.png,https://cdn.aetherforgeai.com/assets/e2cde03e-2c2c-4ea1-a189-26d54ad52362.png
40,비,비 (자연/정화),🔮 원소/마법 (17종),element,1,회복 6,단비가 내려 체력 6을 회복하고 전장의 모든 화상 효과를 소멸시킵니다.,playAttack,,./assets/03_원소_마법/rain_비/rain_1_32px_pastel.png,https://cdn.aetherforgeai.com/assets/3c0e0736-98df-4b4b-87f3-46a47d39dad7.png
41,광,광 (원소/섬광),🔮 원소/마법 (17종),element,1,피해 8,눈부신 섬광을 터뜨려 8 피해를 입히고 적의 이번 턴 공격 의도를 취소시킵니다.,playMagic,,./assets/03_원소_마법/flash_광/flash_1_32px_pastel.png,https://cdn.aetherforgeai.com/assets/4928b978-1058-418a-9a46-bfec94b77afa.png
42,노,노 (원소/노을),🔮 원소/마법 (17종),element,1,"피해 8, 화상 3",타오르는 노을빛으로 8 광역 피해를 입히고 2턴간 화상(매 턴 3)을 부여합니다.,playMagic,,./assets/03_원소_마법/ember_노/ember_1_32px_pastel.png,https://cdn.aetherforgeai.com/assets/d79c8a73-ab7a-463e-9f6e-ad586fb2f287.png
43,암,암 (원소/암흑),🔮 원소/마법 (17종),element,1,피해 9,어둠의 파동을 뿜어 9 암흑 피해를 입히고 적 공격력을 2 영구 흡수합니다.,playMagic,,./assets/03_원소_마법/darkness_암/darkness_1_32px_pastel.png,https://cdn.aetherforgeai.com/assets/e50221fa-f385-42bc-8ec2-2b524bc6bc75.png
44,우,우 (원소/뇌우),🔮 원소/마법 (17종),element,1,피해 11,천둥과 폭우를 소환하여 11 뇌전 피해를 입히고 1턴간 적을 실명시킵니다.,playMagic,,./assets/03_원소_마법/thunder_rain_우/thunder_rain_1_32px_pastel.png,https://cdn.aetherforgeai.com/assets/d79c8a73-ab7a-463e-9f6e-ad586fb2f287.png
45,와,와 (원소/와류),🔮 원소/마법 (17종),element,1,피해 8,소용돌이를 일으켜 8 수류 피해를 입히고 적의 방어도를 절반으로 깎습니다.,playMagic,,./assets/03_원소_마법/whirlpool_water_와/whirlpool_water_1_32px_pastel.png,https://cdn.aetherforgeai.com/assets/3c0e0736-98df-4b4b-87f3-46a47d39dad7.png
46,얼,얼 (원소/빙하),🔮 원소/마법 (17종),element,1,피해 8,빙하 파편을 꽂아 8 냉기 피해를 입히고 1턴간 적의 공격력을 4 깎습니다.,playMagic,,./assets/03_원소_마법/freeze_얼/freeze_1_32px_pastel.png,https://cdn.aetherforgeai.com/assets/31ca54a0-46b4-4562-b589-ca9e3ca8ae60.png
47,업,업 (원소/업화),🔮 원소/마법 (17종),element,1,피해 10,"인과의 불꽃으로 10 피해를 입히고, 적이 공격할 때마다 4 화염 반사 피해를 줍니다.",playMagic,,./assets/03_원소_마법/karma_ember_업/karma_ember_1_32px_pastel.png,https://cdn.aetherforgeai.com/assets/d79c8a73-ab7a-463e-9f6e-ad586fb2f287.png
48,음,음 (음파/충격),🔮 원소/마법 (17종),element,1,피해 6,강력한 진동 음파로 6 관통 피해를 입히고 적의 마법 시전을 차단합니다.,playAttack,,./assets/03_원소_마법/soundwave_음/soundwave_1_32px_pastel.png,https://cdn.aetherforgeai.com/assets/f7a3e04a-0a84-4a4d-ac1e-7b6004180151.png
49,석,석 (자연/투석),🔮 원소/마법 (17종),element,1,피해 9,단단한 암석을 투척하여 9 물리 피해를 입히고 적 방어도를 5 파괴합니다.,playAttack,,./assets/03_원소_마법/rock_stone_석/rock_stone_1_32px_pastel.png,https://cdn.aetherforgeai.com/assets/e2cde03e-2c2c-4ea1-a189-26d54ad52362.png
50,선,선 (자연/돌풍),🔮 원소/마법 (17종),element,1,"피해 7, 방어도 6",돌풍을 소환하여 7 피해를 입히고 날아오는 적 투사체를 튕겨냅니다 (방어도 6).,playAttack,,./assets/03_원소_마법/wind_mist_선/wind_mist_1_32px_pastel.png,https://cdn.aetherforgeai.com/assets/3c0e0736-98df-4b4b-87f3-46a47d39dad7.png
51,섬,섬 (원소/광채),🔮 원소/마법 (17종),element,1,-,극광의 섬광으로 적을 1턴간 완전 실명(공격 빗맞힘 100%) 상태로 만듭니다.,playMagic,,./assets/03_원소_마법/light_flash_섬/light_flash_1_32px_pastel.png,https://cdn.aetherforgeai.com/assets/e50221fa-f385-42bc-8ec2-2b524bc6bc75.png
52,수,수 (원소/격류),🔮 원소/마법 (17종),element,1,"피해 8, 방어도 6",수류를 방출하여 적에게 8 피해를 입히고 아군에게 6 방어도를 부여합니다.,playMagic,,./assets/03_원소_마법/water_flow_수/water_flow_1_32px_pastel.png,https://cdn.aetherforgeai.com/assets/d79c8a73-ab7a-463e-9f6e-ad586fb2f287.png
53,뇌,뇌 (원소/뇌전),🔮 원소/마법 (17종),element,1,피해 14,천둥 번개를 소환하여 적에게 14의 폭발적인 뇌전 피해를 입힙니다.,playMagic,,./assets/03_원소_마법/lightning_bolt_뇌/lightning_bolt_1_32px_pastel.png,https://cdn.aetherforgeai.com/assets/3c0e0736-98df-4b4b-87f3-46a47d39dad7.png
54,곰,곰 (생물/도발),🐾 생물/소환 (15종),summon,1,"피해 6, 방어도 8",거대한 곰을 소환하여 6 피해를 입히고 8 실드 및 1턴간 도발(피해 흡수)을 겁니다.,playSummon,,./assets/04_생물_소환/bear_곰/bear_1_32px_pastel.png,https://cdn.aetherforgeai.com/assets/89e7dabe-cb9a-4ff7-b9eb-ffafe11ded22.png
55,뱀,뱀 (생물/맹독),🐾 생물/소환 (15종),summon,1,"피해 4, 독 4",초록 독사를 소환해 4 피해를 입히고 4의 맹독(지속 피해)을 주입합니다.,playSummon,,./assets/04_생물_소환/snake_뱀/snake_1_32px_pastel.png,https://cdn.aetherforgeai.com/assets/771f6200-0135-432a-9dd6-f2c6213622cb.png
56,새,새 (생물/순환),🐾 생물/소환 (15종),summon,1,드로우 +2,정찰 새를 날려 즉시 자모 타일 2장을 추가 드로우합니다.,playSummon,,./assets/04_생물_소환/bird_새/bird_1_32px_pastel.png,https://cdn.aetherforgeai.com/assets/3a9d329b-d814-45fa-b8f4-64e8892f1d47.png
57,말,말 (생물/질주),🐾 생물/소환 (15종),summon,1,피해 8,야생마가 돌진하여 적에게 8 피해를 입히고 이번 턴 즉시 추가 1회 행동을 얻습니다.,playSummon,,./assets/04_생물_소환/horse_말/horse_1_32px_pastel.png,https://cdn.aetherforgeai.com/assets/d8ec82a7-d246-4aad-9342-f0324fa04151.png
58,소,소 (생물/돌파),🐾 생물/소환 (15종),summon,1,피해 11,황소가 들이받아 11 피해를 입히고 적의 모든 방어도를 완전히 파괴합니다.,playSummon,,./assets/04_생물_소환/bull_소/bull_1_32px_pastel.png,https://cdn.aetherforgeai.com/assets/771f6200-0135-432a-9dd6-f2c6213622cb.png
59,개,개 (생물/충견),🐾 생물/소환 (15종),summon,1,"피해 5, 방어도 6",충견을 소환하여 적에게 5 피해를 입히고 피해를 대신 흡수하는 6 실드를 얻습니다.,playSummon,,./assets/04_생물_소환/dog_wolf_개/dog_wolf_1_32px_pastel.png,https://cdn.aetherforgeai.com/assets/3e403820-3564-44db-b470-627cf0c636c2.png
60,벌,벌 (생물/독침),🐾 생물/소환 (15종),summon,1,"피해 2, 독 3",말벌 떼를 풀어 2 피해를 2회(총 4 피해) 입히고 맹독 3스택을 겁니다.,playSummon,,./assets/04_생물_소환/wasp_bee_벌/wasp_bee_1_32px_pastel.png,https://cdn.aetherforgeai.com/assets/712d5626-35d9-4aef-a7c7-a2f34ca9ebd0.png
61,범,범 (생물/호랑이),🐾 생물/소환 (15종),summon,1,피해 13,호랑이의 포효로 적 전체에 13 피해를 입히고 1턴간 공포(피해량 -50%)를 겁니다.,playSummon,,./assets/04_생물_소환/tiger_범/tiger_1_32px_pastel.png,https://cdn.aetherforgeai.com/assets/3a9d329b-d814-45fa-b8f4-64e8892f1d47.png
62,매,매 (생물/저격),🐾 생물/소환 (15종),summon,1,피해 9,매가 급강하하여 적의 방어도를 완전히 무시하는 9 관통 피해를 입힙니다.,playSummon,,./assets/04_생물_소환/hawk_eagle_매/hawk_eagle_1_32px_pastel.png,https://cdn.aetherforgeai.com/assets/14a91078-c28b-455a-bb49-65289f4b9e1c.png
63,알,알 (생물/부화),🐾 생물/소환 (15종),summon,1,-,신비한 알을 품어 다음 턴 시작 시 강력한 무작위 야수(곰/범/독사)를 자동 소환합니다.,playSummon,,./assets/04_생물_소환/egg_알/egg_1_32px_pastel.png,https://cdn.aetherforgeai.com/assets/298b8400-4353-4aa8-b76d-2a11d52e0c0c.png
64,낭,낭 (생물/늑대),🐾 생물/소환 (15종),summon,1,피해 7,늑대 무리를 불러 7 피해를 입히고 적의 방어도를 4 깎아냅니다.,playSummon,,./assets/04_생물_소환/wolf_낭/wolf_1_32px_pastel.png,https://cdn.aetherforgeai.com/assets/31669507-22af-463c-b73d-4affd982639f.png
65,어,어 (생물/물고기),🐾 생물/소환 (15종),summon,1,방어도 7,물고기처럼 유연하게 움직여 7 방어도를 얻고 다음 공격 회피율 40%를 얻습니다.,playSummon,,./assets/04_생물_소환/fish_어/fish_1_32px_pastel.png,https://cdn.aetherforgeai.com/assets/43a73120-e9ac-4e8b-a0cf-ce5a4e67afae.png
66,익,익 (생물/날개),🐾 생물/소환 (15종),summon,1,방어도 8,거대한 날개를 펼쳐 8 방어도를 얻고 다음 턴 드로우를 +1장 늘립니다.,playSummon,,./assets/04_생물_소환/wing_익/wing_1_32px_pastel.png,https://cdn.aetherforgeai.com/assets/2fa47e98-9a58-4870-a7f2-348af7976dcb.png
67,솔,솔 (자연/솔방울),🐾 생물/소환 (15종),summon,1,피해 10,솔방울 폭탄을 던져 10의 범위 폭발 피해를 입힙니다.,playAttack,,./assets/04_생물_소환/pinecone_솔/pinecone_1_32px_pastel.png,https://cdn.aetherforgeai.com/assets/b7df4481-c26d-49af-ba4f-27a57966198f.png
68,운,운 (운명/행운),🐾 생물/소환 (15종),summon,1,"방어도 5, 드로우 +2",운명의 수레바퀴: 자모 카드 2장을 즉시 드로우하고 5 방어도를 얻습니다.,playAttack,,./assets/04_생물_소환/fortune_cloud_운/fortune_cloud_1_32px_pastel.png,https://cdn.aetherforgeai.com/assets/5954db97-6435-4f7e-8773-be8fd16176a2.png
69,숨,숨 (신체/호흡),💖 회복/치유 (16종),heal,1,회복 5,깊은 심호흡을 하여 체력 5를 회복하고 상태이상 1개를 즉시 정화합니다.,playAttack,,./assets/06_회복_치유/breath_wind_숨/breath_wind_1_32px_pastel.png,https://cdn.aetherforgeai.com/assets/d79c8a73-ab7a-463e-9f6e-ad586fb2f287.png
70,생,생 (생명/축복),💖 회복/치유 (16종),heal,1,"회복 10, 최대HP +2",생명의 환희로 체력 10을 회복하고 최대 체력을 +2 영구 증가시킵니다.,playMagic,,./assets/06_회복_치유/life_sprout_생/life_sprout_1_32px_pastel.png,https://cdn.aetherforgeai.com/assets/01eb26ab-4bc1-4742-b102-8a8c8ca26668.png
71,샘,샘 (자연/치유),💖 회복/치유 (16종),heal,1,회복 9,생명의 샘물을 마셔 체력 9를 즉시 회복합니다.,playMagic,,./assets/06_회복_치유/spring_water_샘/spring_water_1_32px_pastel.png,https://cdn.aetherforgeai.com/assets/3c0e0736-98df-4b4b-87f3-46a47d39dad7.png
72,감,감 (음식/단감),💖 회복/치유 (16종),heal,1,"회복 6, 드로우 +1",달콤한 감을 먹어 체력 6을 회복하고 자모 타일 1장을 드로우합니다.,playMagic,,./assets/06_회복_치유/persimmon_감/persimmon_1_32px_pastel.png,https://cdn.aetherforgeai.com/assets/bf079e76-0465-4c9b-9302-a266d1ed7780.png
73,살,살 (신체/재생),💖 회복/치유 (16종),heal,1,재생 +3,살점이 재생되어 3턴 동안 매 턴 종료 시 HP를 3씩 회복합니다.,playAttack,,./assets/06_회복_치유/flesh_heal_살/flesh_heal_1_32px_pastel.png,https://cdn.aetherforgeai.com/assets/875c83cc-d1be-4ed2-9e8c-f1ad26493a26.png
74,봄,봄 (자연/생기),💖 회복/치유 (16종),heal,1,회복 7,따스한 봄기운으로 아군 체력 7 회복 및 모든 디버프 지속시간을 1턴 단축합니다.,playAttack,,./assets/06_회복_치유/spring_season_봄/spring_season_1_32px_pastel.png,https://cdn.aetherforgeai.com/assets/df5f23b7-2adb-46a7-900a-70a879e31efc.png
75,내,내 (자연/청류),💖 회복/치유 (16종),heal,1,회복 5,맑은 시냇물로 체력 5를 회복하고 해로운 효과 2개를 씻어냅니다.,playAttack,,./assets/06_회복_치유/stream_water_내/stream_water_1_32px_pastel.png,https://cdn.aetherforgeai.com/assets/d79c8a73-ab7a-463e-9f6e-ad586fb2f287.png
76,식,식 (음식/보양),💖 회복/치유 (16종),heal,1,회복 6,보양식을 섭취하여 체력 6을 회복하고 1턴간 모든 속성 저항력을 +30% 높입니다.,playMagic,,./assets/06_회복_치유/food_rice_식/food_rice_1_32px_pastel.png,https://cdn.aetherforgeai.com/assets/95edc807-ee8e-4d40-8e88-11bd6c44cbf8.png
77,실,실 (도구/봉합),💖 회복/치유 (16종),heal,1,회복 6,상처를 꿰매어 출혈을 즉시 멈추고 체력 6을 회복합니다.,playAttack,,./assets/06_회복_치유/thread_stitch_실/thread_stitch_1_32px_pastel.png,https://cdn.aetherforgeai.com/assets/0eadc9f6-ad12-44ed-82a5-db559ad22542.png
78,온,온 (자연/온천),💖 회복/치유 (16종),heal,1,회복 7,따스한 온천욕으로 체력 7을 회복하고 모든 디버프 지속시간을 1턴 감소시킵니다.,playAttack,,./assets/06_회복_치유/warm_glow_온/warm_glow_1_32px_pastel.png,https://cdn.aetherforgeai.com/assets/3c0e0736-98df-4b4b-87f3-46a47d39dad7.png
79,입,입 (신체/흡혈),💖 회복/치유 (16종),heal,1,피해 4,적에게 4 피해를 입히고 입힌 피해만큼 체력을 그대로 흡수(흡혈)합니다.,playAttack,,./assets/06_회복_치유/mouth_blood_입/mouth_blood_1_32px_pastel.png,https://cdn.aetherforgeai.com/assets/2b262d02-c1a5-44ea-b7fe-6be77e394bdd.png
80,월,월 (신비/월광),💖 회복/치유 (16종),heal,1,피해 9,초승달 검기로 9 암흑 피해를 입히고 체력 4를 흡혈합니다.,playAttack,,./assets/06_회복_치유/moon_light_월/moon_light_1_32px_pastel.png,https://cdn.aetherforgeai.com/assets/c25613a5-99a5-4a4b-b505-72069e9d680f.png
81,맛,맛 (미식/포식),💖 회복/치유 (16종),heal,1,회복 7,맛있는 요리를 맛보아 체력 7을 회복하고 공격력 +2를 얻습니다.,playAttack,,./assets/06_회복_치유/food_tasty_맛/food_tasty_1_32px_pastel.png,https://cdn.aetherforgeai.com/assets/f20f7cb6-57fc-44b4-839b-615656dcc0c5.png
82,무,무 (음식/소화),💖 회복/치유 (16종),heal,1,-,소화 작용: 손패의 불필요한 타일 2장을 버리고 새 타일 3장을 즉시 드로우합니다.,playMagic,,./assets/06_회복_치유/radish_무/radish_1_32px_pastel.png,https://cdn.aetherforgeai.com/assets/76e70801-3b64-4324-9e65-8b362ccb8b97.png
83,마,마 (음식/강장),💖 회복/치유 (16종),heal,1,"회복 5, 최대HP +3",산약 마를 복용하여 최대 체력 +3 영구 증가 및 체력 5를 즉시 회복합니다.,playMagic,,./assets/06_회복_치유/yam_herb_마/yam_herb_1_32px_pastel.png,https://cdn.aetherforgeai.com/assets/6b9f2403-2a78-43f5-9a47-f2f78dfcfb62.png
84,묵,묵 (음식/유연),💖 회복/치유 (16종),heal,1,방어도 7,도토리묵의 탄력으로 7 방어도를 얻고 적의 단일 공격 피해를 4 흡수합니다.,playMagic,,./assets/06_회복_치유/jelly_food_묵/jelly_food_1_32px_pastel.png,https://cdn.aetherforgeai.com/assets/7d153e2a-b116-439d-9bd1-2c0f47e49fa7.png
85,북,북 (지휘/군악),✨ 버프/유틸 (16종),skill,1,-,전투 북을 울려 이번 전투 동안 모든 공격 단어의 피해량을 +3 증가시킵니다.,playShield,,./assets/02_방어_장비/drum_북/drum_1_32px.png,https://cdn.aetherforgeai.com/assets/0ea2c130-f3df-4311-993a-e41baa2d1824.png
86,기,기 (정신/집중),✨ 버프/유틸 (16종),skill,1,AP +1,기력을 끌어올려 즉시 1 AP를 추가 충전합니다.,playShield,,./assets/07_버프_유틸/chi_orb_기/chi_orb_1_32px_pastel.png,https://cdn.aetherforgeai.com/assets/208182cc-3853-4fe9-a71c-a8f5380c01c9.png
87,속,속 (기동/가속),✨ 버프/유틸 (16종),skill,1,-,가속 태세를 취해 이번 턴 단어 카드를 쓸 때마다 타일 1장씩 드로우(최대 3회)합니다.,playShield,,./assets/07_버프_유틸/speed_boots_속/speed_boots_1_32px_pastel.png,https://cdn.aetherforgeai.com/assets/915ceb7b-61e4-4680-bfc0-d6e0a8e6ff61.png
88,능,능 (잠재/각성),✨ 버프/유틸 (16종),skill,1,-,잠재능력을 개화하여 이번 턴에 사용하는 모든 단어 카드의 효과를 1.5배 증폭합니다.,playAttack,,./assets/07_버프_유틸/power_orb_능/power_orb_1_32px_pastel.png,https://cdn.aetherforgeai.com/assets/7a3eb6fd-31f0-42fb-8581-1a707e564e45.png
89,이,이 (지혜/이치),✨ 버프/유틸 (16종),skill,1,-,언어의 이치를 깨달아 다음 사용하는 단어 카드의 효과를 2배(100% 증폭)로 발동합니다.,playAttack,,./assets/07_버프_유틸/wisdom_gem_이/wisdom_gem_1_32px_pastel.png,https://cdn.aetherforgeai.com/assets/4928b978-1058-418a-9a46-bfec94b77afa.png
90,모,모 (단조/모루),✨ 버프/유틸 (16종),skill,1,-,대장간 모루로 무기를 벼려 다음 3회 공격의 피해량을 +4 증가시킵니다.,playAttack,,./assets/07_버프_유틸/anvil_tool_모/anvil_tool_1_32px_pastel.png,https://cdn.aetherforgeai.com/assets/8065d354-fbd1-4032-8051-721a8e0949df.png
91,심,심 (신체/고동),✨ 버프/유틸 (16종),skill,1,최대HP +8,심장을 강화하여 이번 전투 동안 최대 체력 +8 및 공격력 +2를 영구 획득합니다.,playAttack,,./assets/07_버프_유틸/heart_심/heart_1_32px_pastel.png,https://cdn.aetherforgeai.com/assets/b15e9c1f-a6f1-4353-b3c5-7b692bb9eb56.png
92,남,남 (자연/남풍),✨ 버프/유틸 (16종),skill,1,회복 6,따스한 남풍이 불어와 아군 체력 6 회복 및 공격력 +2 버프를 부여합니다.,playAttack,,./assets/07_버프_유틸/wind_south_남/wind_south_1_32px_pastel.png,https://cdn.aetherforgeai.com/assets/d79c8a73-ab7a-463e-9f6e-ad586fb2f287.png
93,세,세 (기세/압도),✨ 버프/유틸 (16종),skill,1,피해 8,도도한 기세로 8 피해를 입히고 다음 내 카드의 공격력을 +4 증가시킵니다.,playAttack,,./assets/07_버프_유틸/power_surge_세/power_surge_1_32px_pastel.png,https://cdn.aetherforgeai.com/assets/e50221fa-f385-42bc-8ec2-2b524bc6bc75.png
94,순,순 (자연/순항),✨ 버프/유틸 (16종),skill,1,-,순풍의 돛을 올려 다음 턴 시작 시 자모 타일을 +2장 추가로 드로우합니다.,playAttack,,./assets/07_버프_유틸/pure_wind_순/pure_wind_1_32px_pastel.png,https://cdn.aetherforgeai.com/assets/3c0e0736-98df-4b4b-87f3-46a47d39dad7.png
95,복,복 (운명/축복),✨ 버프/유틸 (16종),skill,1,-,"오복의 축복을 받아 무작위 이로운 버프 2종(공격력, 방어도, 힐)을 획득합니다.",playAttack,,./assets/07_버프_유틸/fortune_lucky_복/fortune_lucky_1_32px_pastel.png,https://cdn.aetherforgeai.com/assets/5954db97-6435-4f7e-8773-be8fd16176a2.png
96,금,금 (황금/가호),✨ 버프/유틸 (16종),skill,1,"방어도 8, 골드 +0.2",황금빛 가호로 8 방어도를 얻고 이번 전투 승리 시 골드 획득량이 +20% 증가합니다.,playAttack,,./assets/07_버프_유틸/gold_coin_금/gold_coin_1_32px_pastel.png,https://cdn.aetherforgeai.com/assets/b17b5a43-90c7-4f93-aa30-df206dd7c468.png
97,망,망 (도구/포획),✨ 버프/유틸 (16종),skill,1,-,그물을 던져 적을 1턴간 포박하여 적 공격력을 50% 약화시킵니다.,playShield,,./assets/02_방어_장비/net_망/net_1_32px.png,https://cdn.aetherforgeai.com/assets/93c234e9-c310-4993-a179-bf577227f7f4.png
98,송,송 (자연/송진),✨ 버프/유틸 (16종),skill,1,-,끈끈한 송진을 묻혀 적의 발을 묶고 다음 턴 적 공격력을 5 감소시킵니다.,playAttack,,./assets/07_버프_유틸/pine_resin_송/pine_resin_1_32px_pastel.png,https://cdn.aetherforgeai.com/assets/7b9967fb-96ad-4416-9b69-85aba8025e01.png
99,손,손 (신체/공명),✨ 버프/유틸 (16종),skill,1,-,손끝의 공명으로 손패의 자모 타일 1장을 원하는 다른 자모로 변환합니다.,playAttack,,./assets/07_버프_유틸/hand_magic_손/hand_magic_1_32px_pastel.png,https://cdn.aetherforgeai.com/assets/c25613a5-99a5-4a4b-b505-72069e9d680f.png
100,글,글 (지혜/탐색),✨ 버프/유틸 (16종),skill,1,-,문자의 지혜로 덱에서 원하는 자모 타일 1장을 직접 선택하여 손패로 가져옵니다.,playAttack,,./assets/07_버프_유틸/rune_script_글/rune_script_1_32px_pastel.png,https://cdn.aetherforgeai.com/assets/208182cc-3853-4fe9-a71c-a8f5380c01c9.png
